Category,Location,Title,Web,Facebook,Instagram,Youtube,Zomato,X,Bing
Indian Communities,"Consulate General Of India, Seattle",https://www.indiainseattle.gov.in,https://www.facebook.com/profile.php?id=61553606104542,https://x.com/IndiainSeattle
Indian Communities,Indian: India Association of Western Washington,http://www.iaww.org/,https://www.facebook.com/India-Association-of-Western-Washington-IAWW-101407689921467
Indian Communities,Telugu: Washington Telangana Association (WATA),http://www.wataweb.org,https://www.facebook.com/WashingtonTelanganaAssociation
Indian Communities,Telugu: Washington Telgu Samithi (WATS),http://www.watsweb.org,https://www.facebook.com/WATeluguSamithi/
Indian Communities,Tamil: Seattle Tamil Sangam,http://seattletamilsangam.org,https://www.facebook.com/seattletamilsangampage
Indian Communities,Kannada: Sahyadri Sangha,http://sahyadrikannadasangha.org/,https://www.facebook.com/sahyadri.sangha
Indian Communities,Kerala: Kerala Association of Washington (KAW),http://kaow.org/,https://www.facebook.com/kaw.seattle
Indian Communities,Bengali: Uttoron - Bengali Community of Greater Seattle,http://www.uttoron.org/,https://www.facebook.com/Uttoron-Bengali-Community-of-Greater-Seattle-228825810515835
Indian Communities,Gujarati: Seattle Gujarati Cultural Society (ગુજરાતી),http://www.seattlegujaratis.org/,https://www.facebook.com/Seattle-Gujarati-Cultural-Society-299484436841422
Indian Communities,Oriyas: Oriyas of Greater Seattle (ଓଡିଆ),https://www.facebook.com/OriyasofGreaterSeattle
Indian Communities,North America Chhattisgarh Association (NACHA),https://cgnacha.com,https://www.facebook.com/CGNACHA
Indian Communities,Facebook Group: Indians in Seattle,https://www.facebook.com/groups/9816235049

Language Schools,Gujarati ગુજરાતી: Gurukul,http://web.gurukul-wa.org
Language Schools,Hindi हिन्दी: Gurukul,http://web.gurukul-wa.org
Language Schools,Kannada ಕನ್ನಡ: Gurukul,http://web.gurukul-wa.org
Language Schools,Kannada ಕನ್ನಡ: Kannada Bharati,https://kbharati.org
Language Schools,Marathi मराठी: Gurukul,http://web.gurukul-wa.org
Language Schools,"Tamil தமிழ்: Redmond Tamil School, Bellevue",http://www.redmondtamilschool.org,https://www.facebook.com/RedmondTamilSchool
Language Schools,"Tamil தமிழ்: Seattle Tamil Academy, Bothell",http://www.seattletamilacademy.org,https://www.facebook.com/profile.php?id=100004352474710
Language Schools,"Tamil தமிழ்: Bharathi Tamil School, Redmond",https://www.btaredmond.org,https://www.facebook.com/bharathitamilacademy
Language Schools,"Tamil தமிழ்: Valluvan Tamil Koodam, Maple Valley",https://valluvantamilkoodam.org,https://www.facebook.com/groups/916320342783352
Language Schools,Telugu తెలుగు: Manabadi,http://manabadi.siliconandhra.org
Language Schools,Telugu తెలుగు: Manasamskriti,https://manasamskriti.org,https://www.facebook.com/Mana-Samskriti-598682426931141
Language Schools,Telugu తెలుగు: Telugu Bharathi,https://www.telugubharati.org,https://www.facebook.com/telugubharati

Drawing Schools,Deepti Designs Art School,https://www.facebook.com/groups/deeptidesignsschool

Dance Schools,Bharatanatyam and Mohiniyattam: Alapadma, https://www.alapadma.net,https://www.facebook.com/AlapadmaDanceSchool
Dance Schools,Bharatanatyam: KalaAlaya School of Dance,https://www.facebook.com/kalaalaya
Dance Schools,Bharatanatyam: Bhargavi Bharata Natyalaya,https://www.bhargavibharatanatyalaya.com,https://www.facebook.com/bhargavibharatanatyalaya,https://www.instagram.com/bhargavibharatanatyalaya
Dance Schools,Bharatanatyam: Manaswini,https://manaswini.com,https://www.facebook.com/ManaswiniSridhar
Dance Schools,Bharatanatyam: Nrityalaya dance,https://nrityalayadance.net/,https://www.facebook.com/NrityalayaDanceSeattle
Dance Schools,Kathak: Anga Kala Kathak Academy,https://www.antaradatta.com,https://www.facebook.com/Angakalakathakacademy
Dance Schools,Kuchipudi: Kalamandapam Kuchipudi school of dance,https://www.kkdssammamish.com,https://www.facebook.com/sammamishkuchipudi
Dance Schools,House of Kala,https://houseofkala.org,https://www.facebook.com/HouseOfKalaWA
Dance Schools,Chamber of Indian Performing Arts - CIPA,https://www.facebook.com/cipa.home
Dance Schools,"Agni Dance Academy,Bothell",https://www.facebook.com/agnidanceacademy4u,https://www.instagram.com/agnidanceacademy
Dance Schools,"Naadanam - Academy of performing arts, Redmond",https://www.facebook.com/KetakiNaadanam,https://naadanamdanceacademy.com
Dance Schools,"Sri Abhihita Nrithyalaya, Bellevue", https://www.facebook.com/sriabhihitanrithyalaya

Caters,Kitchen Smart,https://www.facebook.com/profile.php?id=100088154949196
Caters,Bothell Foods,https://www.facebook.com/bothell.foods
Caters,Revive Eats,https://www.revive-eats.com

Music,Tabla: Poetry on Drums,https://poetryondrums.com,https://www.facebook.com/poetryondrums
Music,Tabla: Seattle Tabla School,https://seattletabla.school
Music,Tabla: Seattle Tabla Institude,https://www.seattletablainstitute.org,https://www.facebook.com/TablaSeattle
Music,Tamil Band: Geethanjali,https://www.facebook.com/geetanjali.seattle
Music,Tamil Band: Rhythms Studio,https://www.facebook.com/rhythmsstudioinc
Music,Beats of Washington,https://www.facebook.com/BeatsOfRedmond,https://www.instagram.com/beatsofwa
Music,Tamil Band: Ponmaalai Pozhudhu,https://www.facebook.com/Ponmaalai
Music,Tamil Band: Disha Band,https://www.facebook.com/DishaBand
Music,Tamil Folk Music: Seattle Tamil Arts of Rhythm,http://starkalaikuzhuu.wixsite.com/star,https://www.facebook.com/STARKalaiKuzhu
Music,Carnatic Music: Ninaad,ninaadseattle.org,https://www.facebook.com/people/Ninaad/61551587324619/
Music,Carnatic Music:Samskriti Kala Kendra,https://www.facebook.com/pranamskk
Music,Carnatic Music:The Joy of Music,https://www.thejoyofmusic.info
Music,Carnatic Music:Abhinay finearts,https://abhinayfinearts.org,https://www.facebook.com/profile.php?id=100064589388154

Drama,Tamil Drama: Indus Creations,http://induscreations.org/,https://www.facebook.com/induscreations
Drama,Tamil Drama: Sigaram Fine Arts,https://www.facebook.com/SigaramFineArts
Drama,Malavika Productions,https://www.facebook.com/malavikaproductions
Drama,Surya Teja Arts, suryatejaarts.org,http://www.facebook.com/suryatejaarts,www.youtube.com/@suryatejaartsseattle,www.instagram.com/suryatejaartsseattle

Literature,Tamil Speech: Senthamil Toastmasters,http://www.toastmasters.org/Find-a-Club/03066357-senthamil-toastmasters,https://www.facebook.com/SenthamilToastmasters/
Literature,Books in Indian languages,https://kcls.bibliocommons.com/v2/search?query=om&searchType=keyword&f_PRIMARY_LANGUAGE=tam%7Chin%7Ctel%7Cmar%7Cguj
Literature,Tamil Literature club: இலக்கிய மாலை,https://gurukpm.home.blog/2023/04/02/சியாட்டில்-இலக்கிய-மாலை/,https://www.youtube.com/@user-yj7im4ty4u

# Redmond Temples
Temples,"Sri Venkateswara Temple (VEDA), Redmond",http://www.vedatemple.org,https://www.facebook.com/vedatemple
Temples,"Sri Lakshmi Venkateswara Temple (SVETA), Redmond",https://www.lvtemple.org,https://www.facebook.com/Svetalvtemple
Temples,"BAPS Swaminarayan Hindu Mandir, Redmond",http://www.baps.org/seattle,https://www.facebook.com/BAPSSeattle
Temples,"Saibaba, Redmond",http://www.saibabaseattle.com,https://www.facebook.com/SaibabaSeattle
Temples,"Sri Venkata Krishna Vrundavana Temple (Udupi Mutt), Redmond",https://www.facebook.com/svkseattle

# Sammamish Temples
Temples,"Iskcon Vedic Cultural Center, Sammamish",https://www.vedicculturalcenter.org,https://www.facebook.com/VedicCulturalCenter

# Bellevue Temples
Temples,"Jaya Hanuman Temple and Culture Center, Bellevue",http://www.jayahanumantemple.org,https://www.facebook.com/jhtcc
Temples,"Sri Balaji Temple and Cultural Center (Iskcon), Bellevue",http://sribalajitemple.com
Temples,"Shirdi Sai Baba Temple, Bellevue",http://www.saiparivarfoundation.org,https://www.facebook.com/ShirdiSaiDhamBellevue
Temples,"Bellevue Hindu Temple, Bellevue",http://www.bellevuehindutemple.org,https://www.facebook.com/bellevue.temple

# Kent Temples
Temples,"Sanatan Dharm Mandir, Kent",http://www.sdmandirwa.org,https://www.facebook.com/pages/Sanatan-Dharma-Temple-Cultural-Center/124945727646
Temples,"Kent Hindu Temple, Kent",http://www.sdtccwa.org,https://www.facebook.com/hindutemplekentwa
Temples,"Kailasa, Nithyanandeshwara, Kent",https://kailasaseattle.org,https://www.facebook.com/nhtsea

# Seattle Temples
Temples,"Hanuman Nagri, Seattle",http://www.hanumannagri.org,https://www.facebook.com/hanuman.nagri

# Bothell Temples
Temples,"Hindu Temple and Cultural Center, Bothell",https://www.htccwa.org,https://www.facebook.com/htccwa

# Everett Temple
Temples,"Jaya Hanuman Temple, Everett",https://wajayahanumantemple.org,https://www.facebook.com/profile.php?id=61554238700413

Jewelleries,TAJ Jewelers,https://www.facebook.com/TajJewelers
Jewelleries,Touched by designs,https://www.facebook.com/touchedbydesigns
Jewelleries,Bobell Jewels,https://www.bobelljewels.com/,https://www.facebook.com/bobelljewels
Jewelleries,The Simpliful,https://www.facebook.com/TheSimpliful

Clothing,Ishq by Isha,https://www.etsy.com/,https://www.facebook.com/profile.php?id=61556198890427
Clothing,Indowestern Shop,https://www.facebook.com/profile.php?id=100076253001134
Clothing,Trivarna,https://www.facebook.com/trivarnaa
Clothing,Sahana fashion,https://www.facebook.com/sahanafashion
Clothing,Namaste India,https://www.facebook.com/ContactNamasteIndia
Clothing,Rysa Creations,https://rysacreations.com/, 
Clothing,Sakkhi Style,https://sakkhistyle.com/,https://www.facebook.com/sakkhistyle

Non profit,Asha,http://seattle.ashanet.org,https://www.facebook.com/ashaseattle
Non profit,Hope3,https://www.facebook.com/groups/hope3org
Non profit,Agaram,https://www.facebook.com/agaramfoundation
Non profit,"CRY, Seattle",https://www.facebook.com/CRYSeattle
Non profit,AID India: Association for India,https://aidindia.org
Non profit,Utsav,https://utsavusa.org,https://www.facebook.com/UtsavUSA,https://www.instagram.com/utsavusa

Yoga,Vethathiri Maharishi,https://www.facebook.com/groups/seattleskysociety/
Yoga,Isha Yoga,https://www.meetup.com/inner-engineering-seattle-isha-yoga-meditation-classes/
Yoga,Ramana Maharish Sathsangh,https://archive.arunachala.org/satsangs/seattle-wa/
Yoga,Chinmaya Mission,https://www.chinmayaseattle.org/mygurumyguide/
Yoga,Baba Yoganand,https://www.youtube.com/@AnandaWorldwide
Yoga,Aham Yoga,http://www.ahamyoga.com,https://www.facebook.com/AhamYoga
Yoga,Art of Living,http://www.artofliving.org/us-en/seattle

Devotional,"GurSikh Temple (Gurdwara Nanaksar), Kent",http://nanaksarseattle.com, 
Devotional,"Gurudwara Sikh Centre of Seattle, Bothell",http://www.sikhcentreofseattle.org/,https://www.facebook.com/sikhcentreofseattle
Devotional,"Gurudwara Singh Sabha of Washington, Renton",http://www.singhsabhaseattle.com/, 
Devotional,"Vedanta Society of Western Washington, Seattle",http://www.vedanta-seattle.org/,https://www.facebook.com/pages/The-Vedanta-Society-of-Western-Washington-Seattle/517513418307842
Devotional,Gopa Kuteeram Seattle,https://www.facebook.com/GKSeattle
Devotional,"Jeeyar Educational Trust (JET) Prajna in Redmond, Bellevue, Bothell, Sammamish",https://www.facebook.com/prajnaseattle,https://www.prajna4me.org/locate
Devotional,"Hindu Swayamsevak Sangh",https://www.facebook.com/hsswashington
Devotional,"HSS Balagokulam, Sammamish",https://www.facebook.com/HssSammamishBalagokulam
Devotional,Mosque: Redmond Mosque,http://www.redmondmosque.org/, 
Devotional,Mosque: Sammamish Mosque,http://www.sammamishmosque.com/, 
Devotional,Muslim: Muslim Association of Puget Sound,https://www.mapsredmond.org/, 

Other,Handicraft and Decors: Layas Pottery,https://layaspottery.com/,https://www.facebook.com/LayasPottery
Other,Handicraft and Decors: The Easter-n-roots,https://www.facebook.com/profile.php?id=100087462900600,https://www.instagram.com/theeasternroots
Other,Sri Arts,https://www.facebook.com/profile.php?id=100064293811640
Other,Ayurvedic wellness and treatment,https://vedaforthepeople.com/,https://www.instagram.com/vedaforthepeople
Other,Ayurvedic Food product- Food for the soul,https://foodforthesoul.net/,https://www.facebook.com/foodforthesoul24,https://www.instagram.com/ayurvedicapothecaryffs/,https://www.youtube.com/@FoodForTheSoul
Other,Kolam based products,https://www.sandhyadeepak.com/,https://www.facebook.com/sandhyadeepakcreates/,https://www.instagram.com/sandhyadeepakcreates/,https://www.youtube.com/channel/UCJki1wNHxNYYNYkUEbGgsZQ
Other,"Tentkotta, South Indian Movie streaming service",www.tentkotta.com
Other,"Bhumi Garden Designs",https://www.bhumidesigns.com/,https://www.facebook.com/BhumiDesigns,https://www.instagram.com/bhumidesigns/,https://www.youtube.com/channel/UCT9Nh60zI3LuUzabG-uVTCg/featured
Other,In case of no insurance (National Association of Free and Charitable Clinics),https://nafcclinics.org/find-clinic,https://www.facebook.com/NAFCClinics
Other,Coping With Critical Situations,https://teamaid.org,https://www.facebook.com/teamaidorg,
Other,One Stop Rental,https://www.facebook.com/profile.php?id=61555257850576,https://www.instagram.com/onestoppartydecor
Other,Robatics for Kids: Robo Spark,https://www.facebook.com/Robosparkofficial

Groceries,"Annapurna Indian Groceries, Krikland",https://www.facebook.com/annapurnaindiangroceries,https://www.bing.com/search?q=Annapurna+Indian+Groceries+Krikland
Groceries,"Apna Bazar, Bellevue",http://apnabazarnw.com,https://www.facebook.com/apnabazarstore/,https://www.bing.com/search?q=Apna+Bazar+Bellevue
Groceries,"Apna Bazar, Bothell",http://apnabazarnw.com,https://www.facebook.com/apnabazarstore/,https://www.bing.com/search?q=Apna+Bazar+Bothell
Groceries,"Apna Bazar, Sammamish",http://apnabazarnw.com,https://www.facebook.com/apnabazarstore/,https://www.bing.com/search?q=Apna+Bazar+Sammamish
Groceries,"Big Bazaar, Bellevue",https://www.facebook.com/Big-Bazaar-Bellevue-452243438178754,https://www.bing.com/search?q=Big+Bazaar+Bellevue
Groceries,"India Supermarket, Bellevue",https://www.facebook.com/India-Supermarket-229705497200238/,https://www.bing.com/search?q=India+Supermarket+Bellevue
Groceries,"Indian Sweets & Spices, Seattle",http://indiasweetsandspices.us/,https://www.bing.com/search?q=Indian+Sweets+and+Spices+Seattle
Groceries,"Mayuri Foods & Video, Bellevue",http://mayuriseattle.com,https://www.facebook.com/mayurifoodsandvideo,https://www.bing.com/search?q=Mayuri+Foods+and+Video+Bellevue
Groceries,"Mayuri Foods and Video, Bothell",http://mayuriseattle.com,https://www.facebook.com/mayurifoodsandvideo,https://www.bing.com/search?q=Mayuri+Foods+and+Video+Bothell
Groceries,"Shoperies, Online",https://www.shoperies.com,https://www.facebook.com/shoperies,https://www.bing.com/search?q=Shoperies+Online
Groceries,"Swagath Indian Grocery and Restaurant, Bellevue",https://www.facebook.com/pages/Swagath-Food-Groceries/434662593223663,https://www.bing.com/search?q=Swagath+Indian+Grocery+and+Restaurant+Bellevue

Bellevue Restaurants,Anjappar Chettinad Indian Restaurant,http://anjapparseattle.com,https://www.facebook.com/anjapparseattle,https://www.zomato.com/bellevue-wa/anjappar-chettinad-bellevue,https://www.bing.com/search?q=Anjappar+Chettinad+Indian+Restaurant+Bellevue
Bellevue Restaurants,Bawarchi Indian Restaurant,http://bawarchibellevue.com/,https://www.facebook.com/BawarchiBellevue,https://www.zomato.com/bellevue-wa/bawarchi-bellevue,https://www.bing.com/search?q=Bawarchi+Indian+Restaurant+Bellevue
Bellevue Restaurants,Bombay House,https://www.zomato.com/bellevue-wa/bombay-house-bellevue,https://www.bing.com/search?q=Bombay+House+Bellevue
Bellevue Restaurants,Canam Pizza,http://canampizza.com,https://www.facebook.com/pages/Can-Am-Pizza/115405271814735,https://www.zomato.com/bellevue-wa/can-am-pizza-bellevue,https://www.bing.com/search?q=Canam+Pizza+Bellevue
Bellevue Restaurants,Chaat House,http://bellevuechaathouse.com,https://www.facebook.com/bellevuechaathouse,https://www.zomato.com/bellevue-wa/chaat-house-bellevue,https://www.bing.com/search?q=Chaat+House+Bellevue
Bellevue Restaurants,Chaat N Roll,http://www.chaatnroll.com/,https://www.facebook.com/Chaat-N-Roll-173500936134343/,https://www.zomato.com/bellevue-wa/chaat-n-roll-bellevue,https://www.bing.com/search?q=Chaat+N+Roll+Bellevue
Bellevue Restaurants,Chutneys,http://www.chutneys.com/,https://www.facebook.com/chutneysdining,https://www.zomato.com/bellevue-wa/chutneys-bellevue,https://www.bing.com/search?q=Chutneys+Bellevue
Bellevue Restaurants,Curry Point,http://currypointonline.com/,https://www.facebook.com/Big-Bazaar-Bellevue-452243438178754/,https://www.zomato.com/bellevue-wa/curry-point-bellevue,https://www.bing.com/search?q=Curry+Point+Bellevue
Bellevue Restaurants,India Gate Restaurant,http://indiagatebellevue.com/,https://www.facebook.com/IndiaGateBellevue,https://www.zomato.com/bellevue-wa/india-gate-restaurant-bellevue,https://www.bing.com/search?q=India+Gate+Restaurant+Bellevue
Bellevue Restaurants,Kabab Palace,http://www.kababpalacerestaurant.com/,https://www.bing.com/search?q=Kabab+Palace+Bellevue
Bellevue Restaurants,Mayuri Bakery,https://www.facebook.com/Mayuri-Bakery-185335964871877/?fref=ts,https://www.bing.com/search?q=Mayuri+Bakery+Bellevue
Bellevue Restaurants,Mayuri Indian Cuisine,http://mayuriseattle.com/cuisine/,https://www.facebook.com/mayuricuisine,https://www.zomato.com/redmond-wa/mayuri-indian-cuisine-redmond,https://www.bing.com/search?q=Mayuri+Indian+Cuisine+Bellevue
Bellevue Restaurants,Moghul Palace India Cuisine,http://www.moghulpalace.org,https://www.facebook.com/pages/Moghul-Palace-Inc/178918372163165,https://www.zomato.com/bellevue-wa/moghul-palace-1-bellevue,https://www.bing.com/search?q=Moghul+Palace+India+Cuisine+Bellevue
Bellevue Restaurants,Farzi café,https://farzicafeusa.com
Bellevue Restaurants,New Delhi Palace,http://www.newdelhipalace.net/,https://www.facebook.com/New-Delhi-Palace-226533990799699/,https://www.zomato.com/bellevue-wa/new-delhi-palace-bellevue,https://www.bing.com/search?q=New+Delhi+Palace+Bellevue
Bellevue Restaurants,Oh India Eat Street,http://www.ohindiaeatstreet.com/,https://www.bing.com/search?q=Oh+India+Eat+Street+Bellevue
Bellevue Restaurants,Oh! India Restaurant,http://www.ohindiarestaurant.com,https://www.facebook.com/ohindia,https://www.zomato.com/bellevue-wa/oh-india-bellevue,https://www.bing.com/search?q=Oh!+India+Restaurant+Bellevue
Bellevue Restaurants,Ruchi Indian Restaurant,http://www.ruchiindianrestaurant.com/home.php,https://www.facebook.com/Ruchi-Indian-Restaurant-381623278571205/?fref=ts,https://www.zomato.com/bellevue-wa/ruchi-indian-restaurant-bellevue,https://www.bing.com/search?q=Ruchi+Indian+Restaurant+Bellevue
Bellevue Restaurants,Spice Route,https://www.zomato.com/bellevue-wa/spice-route-indian-cuisine-bellevue,https://www.bing.com/search?q=Spice+Route+Bellevue
Bellevue Restaurants,Swagath Indian Grocery and Restaurant,https://www.facebook.com/pages/Swagath-Food-Groceries/434662593223663,https://www.bing.com/search?q=Swagath+Indian+Grocery+and+Restaurant+Bellevue
Bellevue Restaurants,Taj Palace,http://tajpalaceofindia.com/,https://www.zomato.com/bellevue-wa/ruchi-indian-restaurant-bellevue,https://www.bing.com/search?q=Taj+Palace+Bellevue
Bellevue Restaurants,Udupi Cafe,http://www.udupicafebellevue.com/,https://www.facebook.com/udupi.bellevue,https://www.zomato.com/bellevue-wa/ruchi-indian-restaurant-bellevue,https://www.bing.com/search?q=Udupi+Cafe+Bellevue

Issaquah Restaurants,Chaat-N-roll,https://www.zomato.com/issaquah-wa/chaat-n-roll-issaquah,https://www.bing.com/search?q=Chaat-N-roll+Issaqua
Issaquah Restaurants,Madras Dosa Corner,http://madrasdosacorner.com/,https://www.facebook.com/madrasdosacorner,https://www.bing.com/search?q=Madras+Dosa+Corner+Issaqua
Issaquah Restaurants,Tikka Masala,http://www.tikkamasala.net/,https://www.zomato.com/bellevue-wa/ruchi-indian-restaurant-bellevue,https://www.bing.com/search?q=Tikka+Masala+Issaqua

Redmond Restaurants,Chaat N Roll,http://www.chaatnroll.com/,https://www.facebook.com/Chaat-N-Roll-173500936134343/,https://www.bing.com/search?q=Chaat+N+Roll+Redmond
Redmond Restaurants,Inchin's Bamboo Garden,http://www.bamboo-gardens.com/,https://www.facebook.com/Inchins-Bamboo-Garden-Redmond-WA-37073222187,https://www.zomato.com/bellevue-wa/ruchi-indian-restaurant-bellevue,https://www.bing.com/search?q=Inchin's+Bamboo+Garden+Redmond
Redmond Restaurants,Jot Sweets & Chaat,https://www.facebook.com/Jot-sweets-chaat-1527792240844908/,https://www.bing.com/search?q=Jot+Sweets+and+Chaat+Redmond
Redmond Restaurants,Kanishka,http://kanishkaofredmond.com/,https://www.facebook.com/Kanishka-Cuisine-of-India-192529270759629/?fref=ts&ref=br_tf,https://www.zomato.com/redmond-wa/kanishka-redmond,https://www.bing.com/search?q=Kanishka+Redmond
Redmond Restaurants,Nawabi Hyderabad House Biryani Place,https://www.facebook.com/NHHBP,https://www.bing.com/search?q=Nawabi+Hyderabad+House+Biryani+Place+Redmond
Redmond Restaurants,The Guilt Trip,http://theguilttriprestaurant.com/,https://www.facebook.com/TheGuiltTripRestaurant,https://www.zomato.com/redmond-wa/the-guilt-trip-redmond,https://www.bing.com/search?q=The+Guilt+Trip+Redmond

Seattle Restaurants,Bengal Tiger,https://www.zomato.com/seattle/bengal-tiger-seattle,https://www.bing.com/search?q=Bengal+Tiger+Seattle
Seattle Restaurants,Best of India,https://www.zomato.com/seatac-wa/best-of-india-seatac,https://www.bing.com/search?q=Best+of+India+Seattle
Seattle Restaurants,Cedars of Brooklyn,http://cedarsseattle.com,https://www.bing.com/search?q=Cedars+of+Brooklyn+Seattle
Seattle Restaurants,Chutneys,https://www.zomato.com/seattle/chutneys-bistro-wallingford,https://www.bing.com/search?q=Chutneys+Seattle
Seattle Restaurants,Daawat Indian Grill Bar,https://www.zomato.com/seattle/daawat-indian-grill-bar-downtown,https://www.bing.com/search?q=Daawat+Indian+Grill+Bar+Seattle
Seattle Restaurants,Far Eats,https://www.zomato.com/seattle/far-eats-belltown,https://www.bing.com/search?q=Far+Eats+Seattle
Seattle Restaurants,Garam Masala,https://www.zomato.com/seattle/garam-masala-university-district,https://www.bing.com/search?q=Garam+Masala+Seattle
Seattle Restaurants,India Bistro,http://seattleindiabistro.com/,https://www.bing.com/search?q=India+Bistro+Seattle
Seattle Restaurants,Indian Express,https://www.zomato.com/seattle/india-express-capitol-hill,https://www.bing.com/search?q=Indian+Express+Seattle
Seattle Restaurants,Jewel of India,http://www.jewelofindiacuisine.com,https://www.zomato.com/seattle/jewel-of-india-university-district,https://www.bing.com/search?q=Jewel+of+India+Seattle
Seattle Restaurants,Kanak Cuisine of India,http://kanakindianseattle.com,https://www.bing.com/search?q=Kanak+Cuisine+of+India+Seattle
Seattle Restaurants,Kastoori Grill,https://www.bing.com/search?q=Kastoori+Grill+Seattle
Seattle Restaurants,Maharaja,https://www.bing.com/search?q=Maharaja+Seattle
Seattle Restaurants,Masala of India,https://www.bing.com/search?q=Masala+of+India+Seattle
Seattle Restaurants,Mirch Masala,http://mirchmasalarestaurant.com/,https://www.zomato.com/seattle/mirch-masala-seattle,https://www.bing.com/search?q=Mirch+Masala+Seattle
Seattle Restaurants,Moti Mahal,https://www.bing.com/search?q=Moti+Mahal+Seattle
Seattle Restaurants,Naansense,https://www.bing.com/search?q=Naansense+Seattle
Seattle Restaurants,Naanz,https://www.bing.com/search?q=Naanz+Seattle
Seattle Restaurants,Nirmals,https://www.bing.com/search?q=Nirmals+Seattle
Seattle Restaurants,Roti Restaurant,http://rotirestaurantseattle.com/,https://www.bing.com/search?q=Roti+Restaurant+Seattle
Seattle Restaurants,Shalimar Grocery,http://eatatshalimar.com,https://www.zomato.com/seattle/shalimar-restaurant-university-district,https://www.bing.com/search?q=Shalimar+Grocery+Seattle
Seattle Restaurants,Tandoori,https://www.zomato.com/seattle/tandoori-hut-belltown,https://www.bing.com/search?q=Tandoori+Seattle
Seattle Restaurants,Travelers Thali,https://www.zomato.com/seattle/travelers-thali-house-restaurant-beacon-hill,https://www.bing.com/search?q=Travelers+Thali+Seattle

Kent Renton Restaurants,Canam Pizza,http://canampizza.com,https://www.zomato.com/bellevue-wa/ruchi-indian-restaurant-bellevue,https://www.bing.com/search?q=Canam+Pizza+Kent
Kent Renton Restaurants,Curry and Kabab,https://www.zomato.com/kent-wa/curry-and-kabab-kent,https://www.bing.com/search?q=Curry+and+Kabab+Kent
Kent Renton Restaurants,Golden Indian Curry House,https://www.zomato.com/kent-wa/golden-indian-curry-house-kent,https://www.bing.com/search?q=Golden+Indian+Curry+House+Kent
Kent Renton Restaurants,Jot Sweets & Indian Restaurant,http://jotsweetskent.com/7049,https://www.bing.com/search?q=Jot+Sweets+and+Indian+Restaurant+Kent
Kent Renton Restaurants,Naan-N-Curry,https://www.zomato.com/renton-wa/naan-n-curry-renton,https://www.bing.com/search?q=Naan-N-Curry+Renton
Kent Renton Restaurants,Pabla Cuisine,http://pablacuisine.com,https://www.facebook.com/pages/Pabla-Indian-Cuisine/121784347870924,https://www.zomato.com/issaquah-wa/pabla-veggie-cuisine-issaquah,https://www.bing.com/search?q=Pabla+Cuisine+Renton
Kent Renton Restaurants,Punjab Sweets,http://punjabsweetsonline.com,https://www.zomato.com/kent-wa/punjab-sweets-kent,https://www.bing.com/search?q=Punjab+Sweets+Kent
Kent Renton Restaurants,Spice King,https://www.zomato.com/renton-wa/spice-king-renton,https://www.bing.com/search?q=Spice+King+Renton
Kent Renton Restaurants,Jot Indian Sweets n Restaurant,https://www.jotindiansweetsrestaurant.com/,https://www.bing.com/search?q=jot+sweets+kent

Restaurants,Aahaar,http://www.aahaaronline.com/,https://www.zomato.com/snoqualmie-wa/aahaar-an-indian-eatery-snoqualmie,https://www.bing.com/search?q=Aahaar+Snoqualmie
Restaurants,Canam Pizza,http://canampizza.com,https://www.bing.com/search?q=Canam+Pizza+Mill+Creek
Restaurants,Clay Oven,http://www.clayovenirvine.com/,https://www.zomato.com/woodinville-wa/clay-oven-woodinville,https://www.bing.com/search?q=Clay+Oven+Woodinville
Restaurants,Dakshin South Indian Bistro,http://www.dakshinbistro.com/,https://www.facebook.com/DakshinBistro,https://www.zomato.com/bellevue-wa/ruchi-indian-restaurant-bellevue,https://www.bing.com/search?q=Dakshin+South+Indian+Bistro+Krikland
Restaurants,East India Grill,https://www.zomato.com/federal-way-wa/east-india-grill-federal-way,https://www.bing.com/search?q=East+India+Grill+Federal+Way
Restaurants,Royal India,https://www.zomato.com/kirkland-wa/royal-india-kirkland,https://www.bing.com/search?q=Royal+India+Krikland
Restaurants,Ruchi Indian Restaurant,http://www.ruchiindianrestaurant.com/bothellrestaurant.php,https://www.facebook.com/ruchibothell,https://www.zomato.com/bellevue-wa/ruchi-indian-restaurant-bellevue,https://www.bing.com/search?q=Ruchi+Indian+Restaurant+Bothell
Restaurants,Shamiana,https://www.zomato.com/kirkland-wa/shamiana-kirkland,https://www.bing.com/search?q=Shamiana+Krikland